"Id";"Designator";"Footprint";"Quantity";"Designation";"Supplier and ref";
1;"U15";"RM_8_ADI";1;"AD7466BRMZ";;;
2;"R6,R5,R12,R13,R9,R14,R15,R7,R16,R10,R1,R17,R11,R8,R3,R4,R2";"R_0603_1608Metric";17;"220";;;
3;"J1,J2";"HRS_FH34SRJ-16S-0.5SH_50_";2;"FH34SRJ-16S-0.5SH_50_";;;
4;"U7";"ADG706BRUZ-REEL7";1;"ADG706BRUZ-REEL7";;;
5;"U8";"SOIC8_D_TEX";1;"TLV9152IDR";;;
6;"U2,U5,U4,U6";"SOP65P640X120-14N";4;"LMV324IPWR";;;
7;"U9";"SC70-6_MC_MCH";1;"MCP4018T-503E_LT";;;
8;"C1,C2";"C_0603_1608Metric";2;"1uF";;;
9;"J3,J4,J5";"SPARKFUN_PRT-14417";3;"Qwiic Port";;;
10;"U3";"SOT95P280X145-5N";1;"TLV73318PDBVR";;;
11;"TP2";"TestPoint_Loop_D2.50mm_Drill1.0mm";1;"GND";;;
12;"U1";"MODULE_3405";1;"3405";;;
13;"U10,U12,U11,U13";"RS_20_ADI";4;"ADG333ABRSZ-REEL";;;
14;"U14";"CD74HC154M96";1;"CD74HC154M";;;
