Designator,Val,Package,MidX,MidY,Rotation,Layer
U10,ADG333ABRSZ-REEL,RS_20_ADI,151.98,-102.88,180,bottom
U11,ADG333ABRSZ-REEL,RS_20_ADI,149.05,-92.62,180,bottom
U12,ADG333ABRSZ-REEL,RS_20_ADI,140.38,-102.08,180,bottom
U13,ADG333ABRSZ-REEL,RS_20_ADI,136.68,-93.12,180,bottom
U14,CD74HC154M,CD74HC154M96,170.44,-97.9225,90,bottom
C1,1uF,C_0603_1608Metric,136.79,-106.18,0,top
C2,1uF,C_0603_1608Metric,136.79,-100.17,0,top
J1,FH34SRJ-16S-0.5SH_50_,HRS_FH34SRJ-16S-0.5SH_50_,129.14,-115.19,-90,top
J2,FH34SRJ-16S-0.5SH_50_,HRS_FH34SRJ-16S-0.5SH_50_,129.14,-77.19,-90,top
J3,Qwiic Port,SPARKFUN_PRT-14417,167.07,-81.35,180,top
J4,Qwiic Port,SPARKFUN_PRT-14417,155.13,-113.305,0,top
J5,Qwiic Port,SPARKFUN_PRT-14417,164.43,-113.3,0,top
R1,1k,R_0603_1608Metric,175.88,-104.2,0,top
R2,1k,R_0603_1608Metric,130.31,-83.975,-90,top
R3,1k,R_0603_1608Metric,132.45,-83.935,-90,top
R4,1k,R_0603_1608Metric,134.59,-83.92,-90,top
R5,1k,R_0603_1608Metric,136.73,-83.92,-90,top
R6,1k,R_0603_1608Metric,138.87,-83.935,-90,top
R7,1k,R_0603_1608Metric,141.01,-83.915,-90,top
R8,1k,R_0603_1608Metric,143.15,-83.92,-90,top
R9,1k,R_0603_1608Metric,145.29,-83.92,-90,top
R10,1k,R_0603_1608Metric,147.43,-83.92,-90,top
R11,1k,R_0603_1608Metric,149.57,-83.92,-90,top
R12,1k,R_0603_1608Metric,151.71,-83.92,-90,top
R13,1k,R_0603_1608Metric,153.85,-83.92,-90,top
R14,1k,R_0603_1608Metric,155.99,-83.92,-90,top
R15,1k,R_0603_1608Metric,158.13,-83.92,-90,top
R16,1k,R_0603_1608Metric,160.27,-83.92,-90,top
R17,1k,R_0603_1608Metric,162.41,-83.92,-90,top
U2,LMV324IPWR,SOP65P640X120-14N,134.345,-91.775,0,top
U3,TLV73325PDBVR,SOT95P280X145-5N,136.87,-103.1725,90,top
U4,LMV324IPWR,SOP65P640X120-14N,142.655,-91.805,0,top
U5,LMV324IPWR,SOP65P640X120-14N,150.875,-91.81,0,top
U6,LMV324IPWR,SOP65P640X120-14N,159.145,-91.925,0,top
U7,ADG706BRUZ-REEL7,ADG706BRUZ-REEL7,170.745,-99.46,-90,top
U8,TLV9152IDR,SOIC8_D_TEX,177.24,-109,90,top
U9,MCP4018T-503E_LT,SC70-6_MC_MCH,177.845301,-101.610001,180,top
