"Reference","Value","Datasheet","Footprint","Qty","DNP","LCSC"
"C1,C2","1uF","~","Capacitor_SMD:C_0603_1608Metric","2","",""
"J1,J2","FH34SRJ-16S-0.5SH_50_","","FH34SRJ_16S_0_5SH_50_:HRS_FH34SRJ-16S-0.5SH_50_","2",""," C324725"
"J3,J4,J5","Qwiic Port","","PRT-14417:SPARKFUN_PRT-14417","3","",""
"R1,R2,R3,R4,R5,R6,R7,R8,R9,R10,R11,R12,R13,R14,R15,R16,R17","1k","~","Resistor_SMD:R_0603_1608Metric","17","",""
"TP2","GND","~","TestPoint:TestPoint_Loop_D2.50mm_Drill1.0mm","1","",""
"U1","3405","","3405:MODULE_3405","1","",""
"U2,U4,U5,U6","LMV324IPWR","","LMV324IPWR:SOP65P640X120-14N","4",""," C398929"
"U3","TLV73325PDBVR","","TLV73325PDBVR:SOT95P280X145-5N","1",""," C882825"
"U7","ADG706BRUZ-REEL7","","tactile_footprints:ADG706BRUZ-REEL7","1",""," C408400"
"U8","TLV9152IDR","TLV9152IDR","tactile_footprints:SOIC8_D_TEX","1","","C882649"
"U9","MCP4018T-503E_LT","","MCPNEW:SC70-6_MC_MCH","1","","C145561"
"U10,U11,U12,U13","ADG333ABRSZ-REEL","ADG333ABRSZ-REEL","ADG33a:RS_20_ADI","4","","C579044"
"U14","CD74HC154M","","tactile_footprints:CD74HC154M96","1","","C2832236"
